ds,y
2020-01-04,0.0
2020-01-05,0.0
2020-01-06,0.0
2020-01-07,0.0
2020-01-08,0.0
2020-01-09,0.0
2020-01-10,0.0
2020-01-11,0.0
2020-01-12,0.0
2020-01-13,0.0
2020-01-14,0.0
2020-01-15,0.0
2020-01-16,0.0
2020-01-17,0.0
2020-01-18,0.0
2020-01-19,0.0
2020-01-20,0.0
2020-01-21,0.0
2020-01-22,0.0
2020-01-23,0.0
2020-01-24,0.0
2020-01-25,0.0
2020-01-26,0.0
2020-01-27,0.0
2020-01-28,0.0
2020-01-29,0.0
2020-01-30,1.0
2020-01-31,0.0
2020-02-01,0.0
2020-02-02,1.0
2020-02-03,1.0
2020-02-04,0.0
2020-02-05,0.0
2020-02-06,0.0
2020-02-07,0.0
2020-02-08,0.0
2020-02-09,0.0
2020-02-10,0.0
2020-02-11,0.0
2020-02-12,0.0
2020-02-13,0.0
2020-02-14,0.0
2020-02-15,0.0
2020-02-16,0.0
2020-02-17,0.0
2020-02-18,0.0
2020-02-19,0.0
2020-02-20,0.0
2020-02-21,0.0
2020-02-22,0.0
2020-02-23,0.0
2020-02-24,0.0
2020-02-25,0.0
2020-02-26,0.0
2020-02-27,0.0
2020-02-28,0.0
2020-02-29,0.0
2020-03-01,0.0
2020-03-02,2.0
2020-03-03,0.0
2020-03-04,23.0
2020-03-05,1.0
2020-03-06,2.0
2020-03-07,3.0
2020-03-08,5.0
2020-03-09,5.0
2020-03-10,6.0
2020-03-11,10.0
2020-03-12,13.0
2020-03-13,8.0
2020-03-14,3.0
2020-03-15,23.0
2020-03-16,7.0
2020-03-17,23.0
2020-03-18,14.0
2020-03-19,22.0
2020-03-20,50.0
2020-03-21,60.0
2020-03-22,77.0
2020-03-23,74.0
2020-03-24,85.0
2020-03-25,87.0
2020-03-26,43.0
2020-03-27,75.0
2020-03-28,185.0
2020-03-29,70.0
2020-03-30,92.0
2020-03-31,180.0
2020-04-01,386.0
2020-04-02,328.0
2020-04-03,336.0
2020-04-04,601.0
2020-04-05,472.0
2020-04-06,693.0
2020-04-07,354.0
2020-04-08,853.0
2020-04-09,591.0
2020-04-10,547.0
2020-04-11,1035.0
2020-04-12,909.0
2020-04-13,796.0
2020-04-14,1211.0
2020-04-15,1076.0
2020-04-16,941.0
2020-04-17,1007.0
2020-04-18,991.0
2020-04-19,1334.0
2020-04-20,1553.0
2020-04-21,1336.0
2020-04-22,1383.0
2020-04-23,1409.0
2020-04-24,1684.0
2020-04-25,1429.0
2020-04-26,1990.0
2020-04-27,1396.0
2020-04-28,1543.0
2020-04-29,1897.0
2020-04-30,1718.0
2020-05-01,1993.0
2020-05-02,2293.0
2020-05-03,2644.0
2020-05-04,2553.0
2020-05-05,3900.0
2020-05-06,2958.0
2020-05-07,3561.0
2020-05-08,3390.0
2020-05-09,3320.0
2020-05-10,3277.0
2020-05-11,4213.0
2020-05-12,3604.0
2020-05-13,3525.0
2020-05-14,3722.0
2020-05-15,3967.0
2020-05-16,3970.0
2020-05-17,4987.0
2020-05-18,5242.0
2020-05-19,4970.0
2020-05-20,5611.0
2020-05-21,5609.0
2020-05-22,6088.0
2020-05-23,6654.0
2020-05-24,6767.0
2020-05-25,6977.0
2020-05-26,6535.0
2020-05-27,6387.0
2020-05-28,6566.0
2020-05-29,7466.0
2020-05-30,7964.0
2020-05-31,8380.0
2020-06-01,8392.0
2020-06-02,8171.0
2020-06-03,8909.0
2020-06-04,9304.0
2020-06-05,9851.0
2020-06-06,9887.0
2020-06-07,9971.0
2020-06-08,9983.0
2020-06-09,9987.0
2020-06-10,9985.0
2020-06-11,9996.0
2020-06-12,10956.0
2020-06-13,11458.0
2020-06-14,11929.0
2020-06-15,11502.0
2020-06-16,10667.0
2020-06-17,10974.0
2020-06-18,12881.0
2020-06-19,13586.0
2020-06-20,14516.0
2020-06-21,15413.0
2020-06-22,14821.0
2020-06-23,14933.0
2020-06-24,15968.0
2020-06-25,16922.0
2020-06-26,17296.0
2020-06-27,18552.0
2020-06-28,19906.0
2020-06-29,19459.0
2020-06-30,18522.0
2020-07-01,18653.0
2020-07-02,19148.0
2020-07-03,20903.0
2020-07-04,22771.0
2020-07-05,24850.0
2020-07-06,24248.0
2020-07-07,22252.0
2020-07-08,22752.0
2020-07-09,24879.0
2020-07-10,26506.0
2020-07-11,27114.0
2020-07-12,28637.0
2020-07-13,28701.0
2020-07-14,28498.0
2020-07-15,29429.0
2020-07-16,32695.0
2020-07-17,34956.0
2020-07-18,34884.0
2020-07-19,38902.0
2020-07-20,40425.0
2020-07-21,37148.0
2020-07-22,37724.0
2020-07-23,45720.0
2020-07-24,49310.0
2020-07-25,48916.0
2020-07-26,48661.0
2020-07-27,49931.0
2020-07-28,47703.0
2020-07-29,48513.0
2020-07-30,52123.0
2020-07-31,55078.0
2020-08-01,57118.0
2020-08-02,54735.0
2020-08-03,52972.0
2020-08-04,52050.0
2020-08-05,52509.0
2020-08-06,56282.0
2020-08-07,62538.0
2020-08-08,61537.0
2020-08-09,64399.0
2020-08-10,62064.0
2020-08-11,53601.0
2020-08-12,60963.0
2020-08-13,66999.0
2020-08-14,64553.0
2020-08-15,65002.0
2020-08-16,63490.0
2020-08-17,57981.0
2020-08-18,55079.0
2020-08-19,64531.0
2020-08-20,69652.0
2020-08-21,68898.0
2020-08-22,69878.0
2020-08-23,69239.0
2020-08-24,61408.0
2020-08-25,60975.0
2020-08-26,67151.0
2020-08-27,75760.0
2020-08-28,77266.0
2020-08-29,76472.0
2020-08-30,78761.0
2020-08-31,78512.0
2020-09-01,69921.0
2020-09-02,78357.0
2020-09-03,83883.0
2020-09-04,83341.0
2020-09-05,86432.0
2020-09-06,90632.0
2020-09-07,90802.0
2020-09-08,75809.0
2020-09-09,89706.0
2020-09-10,95735.0
2020-09-11,96551.0
2020-09-12,97570.0
2020-09-13,94372.0
2020-09-14,92071.0
2020-09-15,83809.0
2020-09-16,90123.0
2020-09-17,97894.0
2020-09-18,96424.0
2020-09-19,93337.0
2020-09-20,92605.0
2020-09-21,86961.0
2020-09-22,75083.0
2020-09-23,83347.0
2020-09-24,86508.0
2020-09-25,86052.0
2020-09-26,85362.0
2020-09-27,88600.0
2020-09-28,82170.0
2020-09-29,70589.0
2020-09-30,80472.0
2020-10-01,86821.0
2020-10-02,81484.0
2020-10-03,79476.0
2020-10-04,75829.0
2020-10-05,74442.0
2020-10-06,61267.0
2020-10-07,72049.0
2020-10-08,78524.0
2020-10-09,70496.0
2020-10-10,73272.0
2020-10-11,74383.0
2020-10-12,66732.0
2020-10-13,55342.0
2020-10-14,63509.0
2020-10-15,67708.0
2020-10-16,63371.0
2020-10-17,62212.0
2020-10-18,61871.0
2020-10-19,55722.0
2020-10-20,46790.0
2020-10-21,54044.0
2020-10-22,55839.0
2020-10-23,54366.0
2020-10-24,53370.0
2020-10-25,50129.0
2020-10-26,45148.0
2020-10-27,36470.0
2020-10-28,43893.0
2020-10-29,49881.0
2020-10-30,48648.0
2020-10-31,48268.0
2020-11-01,46963.0
2020-11-02,45231.0
2020-11-03,38310.0
2020-11-04,46253.0
2020-11-05,50210.0
2020-11-06,47638.0
2020-11-07,50356.0
2020-11-08,45674.0
2020-11-09,45903.0
2020-11-10,38073.0
2020-11-11,44281.0
2020-11-12,47905.0
2020-11-13,44879.0
2020-11-14,44684.0
2020-11-15,41100.0
2020-11-16,30548.0
2020-11-17,29163.0
2020-11-18,38617.0
2020-11-19,45576.0
2020-11-20,45882.0
2020-11-21,46232.0
2020-11-22,45209.0
2020-11-23,44059.0
2020-11-24,37975.0
2020-11-25,44376.0
2020-11-26,44489.0
2020-11-27,43082.0
2020-11-28,41322.0
2020-11-29,41810.0
2020-11-30,38772.0
2020-12-01,31118.0
2020-12-02,36604.0
2020-12-03,35551.0
2020-12-04,36595.0
2020-12-05,36652.0
2020-12-06,36011.0
2020-12-07,32981.0
2020-12-08,26567.0
2020-12-09,32080.0
2020-12-10,31521.0
2020-12-11,29398.0
2020-12-12,30006.0
2020-12-13,30254.0
2020-12-14,27071.0
2020-12-15,22065.0
2020-12-16,26382.0
2020-12-17,24010.0
2020-12-18,22890.0
2020-12-19,25152.0
2020-12-20,26624.0
2020-12-21,24337.0
2020-12-22,19556.0
2020-12-23,23950.0
2020-12-24,24712.0
2020-12-25,23067.0
2020-12-26,22273.0
2020-12-27,18732.0
2020-12-28,20021.0
2020-12-29,16432.0
2020-12-30,20549.0
2020-12-31,21822.0
2021-01-01,20035.0
2021-01-02,19079.0
2021-01-03,18177.0
2021-01-04,16504.0
2021-01-05,16375.0
2021-01-06,18088.0
2021-01-07,20346.0
2021-01-08,18139.0
2021-01-09,18222.0
2021-01-10,18645.0
2021-01-11,16311.0
2021-01-12,12584.0
2021-01-13,15968.0
2021-01-14,16946.0
2021-01-15,15590.0
2021-01-16,15158.0
2021-01-17,15144.0
2021-01-18,13788.0
2021-01-19,10064.0
2021-01-20,13823.0
2021-01-21,15223.0
2021-01-22,14545.0
2021-01-23,14256.0
2021-01-24,14849.0
2021-01-25,13203.0
2021-01-26,9102.0
2021-01-27,12689.0
2021-01-28,11666.0
2021-01-29,18855.0
2021-01-30,13083.0
2021-01-31,13052.0
2021-02-01,11427.0
2021-02-02,8635.0
2021-02-03,11039.0
2021-02-04,12899.0
2021-02-05,12408.0
2021-02-06,11713.0
2021-02-07,12059.0
2021-02-08,11831.0
2021-02-09,9110.0
2021-02-10,11067.0
2021-02-11,12923.0
2021-02-12,9309.0
2021-02-13,12143.0
2021-02-14,12194.0
2021-02-15,11649.0
2021-02-16,9121.0
2021-02-17,11610.0
2021-02-18,12881.0
2021-02-19,13193.0
2021-02-20,13993.0
2021-02-21,14264.0
2021-02-22,14199.0
2021-02-23,10584.0
2021-02-24,13742.0
2021-02-25,16738.0
2021-02-26,16577.0
2021-02-27,16488.0
2021-02-28,16752.0
2021-03-01,15510.0
2021-03-02,12286.0
2021-03-03,14989.0
2021-03-04,17407.0
2021-03-05,16838.0
2021-03-06,18327.0
2021-03-07,18711.0
2021-03-08,18599.0
2021-03-09,15388.0
2021-03-10,17921.0
2021-03-11,22854.0
2021-03-12,23285.0
2021-03-13,24882.0
2021-03-14,25320.0
2021-03-15,26291.0
2021-03-16,24492.0
2021-03-17,28903.0
2021-03-18,35871.0
2021-03-19,39726.0
2021-03-20,40953.0
2021-03-21,43846.0
2021-03-22,46951.0
2021-03-23,40715.0
2021-03-24,47262.0
2021-03-25,53476.0
2021-03-26,59118.0
2021-03-27,62258.0
2021-03-28,62714.0
2021-03-29,68020.0
2021-03-30,56211.0
2021-03-31,53480.0
2021-04-01,72330.0
2021-04-02,81466.0
2021-04-03,89129.0
2021-04-04,93249.0
2021-04-05,103558.0
2021-04-06,96982.0
2021-04-07,115736.0
2021-04-08,126789.0
2021-04-09,131968.0
2021-04-10,145384.0
2021-04-11,152879.0
2021-04-12,168912.0
2021-04-13,161736.0
2021-04-14,184372.0
2021-04-15,200739.0
2021-04-16,217353.0
2021-04-17,234692.0
2021-04-18,261500.0
2021-04-19,273810.0
2021-04-20,259170.0
2021-04-21,295041.0
2021-04-22,314835.0
2021-04-23,332730.0
2021-04-24,346786.0
2021-04-25,349691.0
2021-04-26,352991.0
2021-04-27,323144.0
2021-04-28,360960.0
2021-04-29,379257.0
2021-04-30,386452.0
2021-05-01,401993.0
2021-05-02,392488.0
2021-05-03,368147.0
2021-05-04,357229.0
2021-05-05,382315.0
2021-05-06,412262.0
2021-05-07,414188.0
2021-05-08,401078.0
2021-05-09,403738.0
2021-05-10,366161.0
2021-05-11,329942.0
2021-05-12,348421.0
2021-05-13,362727.0
2021-05-14,343144.0
2021-05-15,326098.0
2021-05-16,311170.0
2021-05-17,281386.0
2021-05-18,263533.0
2021-05-19,267334.0
2021-05-20,276110.0
2021-05-21,259551.0
2021-05-22,257299.0
2021-05-23,240842.0
2021-05-24,222315.0
2021-05-25,196427.0
2021-05-26,208921.0
2021-05-27,211298.0
2021-05-28,186364.0
2021-05-29,173790.0
2021-05-30,165553.0
2021-05-31,152734.0
2021-06-01,127510.0
2021-06-02,132788.0
2021-06-03,134154.0
2021-06-04,132364.0
2021-06-05,120529.0
2021-06-06,114460.0
2021-06-07,100636.0
2021-06-08,86498.0
2021-06-09,92596.0
2021-06-10,94052.0
2021-06-11,91702.0
2021-06-12,84332.0
2021-06-13,80834.0
2021-06-14,70421.0
2021-06-15,60471.0
2021-06-16,62224.0
2021-06-17,67208.0
2021-06-18,62480.0
2021-06-19,60753.0
2021-06-20,58419.0
2021-06-21,53256.0
2021-06-22,42640.0
2021-06-23,50848.0
2021-06-24,54069.0
2021-06-25,51667.0
2021-06-26,48698.0
2021-06-27,50040.0
2021-06-28,46148.0
2021-06-29,37566.0
2021-06-30,45951.0
2021-07-01,48786.0
2021-07-02,46617.0
2021-07-03,44111.0
2021-07-04,43071.0
2021-07-05,39796.0
2021-07-06,34703.0
2021-07-07,43733.0
2021-07-08,45892.0
2021-07-09,43393.0
2021-07-10,42766.0
2021-07-11,41506.0
2021-07-12,37154.0
2021-07-13,32906.0
2021-07-14,38792.0
2021-07-15,41806.0
2021-07-16,38949.0
2021-07-17,38079.0
2021-07-18,41157.0
2021-07-19,38164.0
2021-07-20,30093.0
2021-07-21,42015.0
2021-07-22,41383.0
2021-07-23,35342.0
2021-07-24,39097.0
2021-07-25,39742.0
2021-07-26,39361.0
2021-07-27,29689.0
2021-07-28,43654.0
2021-07-29,43509.0
2021-07-30,44230.0
2021-07-31,41649.0
2021-08-01,41831.0
2021-08-02,40134.0
2021-08-03,30549.0
2021-08-04,42625.0
2021-08-05,42982.0
2021-08-06,44643.0
2021-08-07,38628.0
2021-08-08,39070.0
2021-08-09,35499.0
2021-08-10,28204.0
2021-08-11,38353.0
2021-08-12,41195.0
2021-08-13,40120.0
2021-08-14,38667.0
2021-08-15,36083.0
2021-08-16,32937.0
2021-08-17,25166.0
2021-08-18,35178.0
2021-08-19,36401.0
2021-08-20,36571.0
2021-08-21,34457.0
2021-08-22,30948.0
2021-08-23,25072.0
2021-08-24,25467.0
2021-08-25,37593.0
2021-08-26,46164.0
2021-08-27,44658.0
2021-08-28,46759.0
2021-08-29,45083.0
2021-08-30,42909.0
2021-08-31,30941.0
2021-09-01,41965.0
2021-09-02,47092.0
2021-09-03,45352.0
2021-09-04,42618.0
2021-09-05,42766.0
2021-09-06,38948.0
2021-09-07,31222.0
2021-09-08,37875.0
2021-09-09,43263.0
2021-09-10,34973.0
2021-09-11,33376.0
2021-09-12,28591.0
2021-09-13,27254.0
2021-09-14,25404.0
2021-09-15,27176.0
2021-09-16,30570.0
2021-09-17,34403.0
2021-09-18,35662.0
2021-09-19,30773.0
2021-09-20,30256.0
2021-09-21,26115.0
2021-09-22,26964.0
2021-09-23,31923.0
2021-09-24,31382.0
2021-09-25,29616.0
2021-09-26,28326.0
2021-09-27,26041.0
2021-09-28,18795.0
2021-09-29,18870.0
2021-09-30,23529.0
2021-10-01,26727.0
2021-10-02,24354.0
2021-10-03,22842.0
2021-10-04,20799.0
2021-10-05,18346.0
2021-10-06,18833.0
2021-10-07,22431.0
2021-10-08,21257.0
2021-10-09,19740.0
2021-10-10,18166.0
2021-10-11,18132.0
2021-10-12,14313.0
2021-10-13,15823.0
2021-10-14,18987.0
2021-10-15,16862.0
2021-10-16,15981.0
2021-10-17,14146.0
2021-10-18,13596.0
2021-10-19,13058.0
2021-10-20,14623.0
2021-10-21,18454.0
2021-10-22,15786.0
2021-10-23,16326.0
2021-10-24,15906.0
2021-10-25,14306.0
2021-10-26,12428.0
2021-10-27,13451.0
2021-10-28,16156.0
2021-10-29,14348.0
2021-10-30,14313.0
2021-10-31,12830.0
2021-11-01,12514.0
2021-11-02,10423.0
2021-11-03,11903.0
2021-11-04,12885.0
2021-11-05,12729.0
2021-11-06,10929.0
2021-11-07,10853.0
2021-11-08,11451.0
2021-11-09,10126.0
2021-11-10,11466.0
2021-11-11,13091.0
2021-11-12,12516.0
2021-11-13,11850.0
2021-11-14,11271.0
2021-11-15,10229.0
2021-11-16,8865.0
2021-11-17,10197.0
2021-11-18,11919.0
2021-11-19,11106.0
2021-11-20,10302.0
2021-11-21,10488.0
2021-11-22,8488.0
2021-11-23,7579.0
2021-11-24,9283.0
2021-11-25,9119.0
2021-11-26,10549.0
2021-11-27,8318.0
2021-11-28,8774.0
2021-11-29,8309.0
2021-11-30,6990.0
2021-12-01,8954.0
2021-12-02,9765.0
2021-12-03,9216.0
2021-12-04,8603.0
2021-12-05,8895.0
2021-12-06,8306.0
2021-12-07,6822.0
2021-12-08,8439.0
2021-12-09,9419.0
2021-12-10,8503.0
2021-12-11,7992.0
2021-12-12,7774.0
2021-12-13,7350.0
2021-12-14,5784.0
2021-12-15,6984.0
2021-12-16,7974.0
2021-12-17,7447.0
2021-12-18,7145.0
2021-12-19,7081.0
2021-12-20,6563.0
2021-12-21,5326.0
2021-12-22,6317.0
2021-12-23,7495.0
2021-12-24,6650.0
2021-12-25,7189.0
2021-12-26,6987.0
2021-12-27,6531.0
2021-12-28,6358.0
2021-12-29,9195.0
2021-12-30,13154.0
2021-12-31,16764.0
2022-01-01,22775.0
2022-01-02,27553.0
2022-01-03,33750.0
2022-01-04,37379.0
2022-01-05,58097.0
2022-01-06,90928.0
2022-01-07,117100.0
2022-01-08,141986.0
2022-01-09,159632.0
2022-01-10,179723.0
2022-01-11,168063.0
2022-01-12,194720.0
2022-01-13,247417.0
2022-01-14,264202.0
2022-01-15,268833.0
2022-01-16,271202.0
2022-01-17,258089.0
2022-01-18,238018.0
2022-01-19,282970.0
2022-01-20,317532.0
2022-01-21,347254.0
2022-01-22,337704.0
2022-01-23,333533.0
2022-01-24,306064.0
2022-01-25,255874.0
2022-01-26,285914.0
2022-01-27,286384.0
2022-01-28,251209.0
2022-01-29,235532.0
2022-01-30,234281.0
2022-01-31,209918.0
2022-02-01,167059.0
2022-02-02,161386.0
2022-02-03,172433.0
2022-02-04,149394.0
2022-02-05,127952.0
2022-02-06,107474.0
2022-02-07,83876.0
2022-02-08,67597.0
2022-02-09,71365.0
2022-02-10,67084.0
2022-02-11,58077.0
2022-02-12,50407.0
2022-02-13,44877.0
2022-02-14,34113.0
2022-02-15,27409.0
2022-02-16,30615.0
2022-02-17,30757.0
2022-02-18,25920.0
2022-02-19,22270.0
2022-02-20,19968.0
2022-02-21,16051.0
2022-02-22,13405.0
2022-02-23,15102.0
2022-02-24,14148.0
2022-02-25,13166.0
2022-02-26,11499.0
2022-02-27,10273.0
2022-02-28,8013.0
2022-03-01,6915.0
2022-03-02,7554.0
2022-03-03,6561.0
2022-03-04,6396.0
2022-03-05,5921.0
2022-03-06,5476.0
2022-03-07,4362.0
2022-03-08,3993.0
2022-03-09,4575.0
2022-03-10,4184.0
2022-03-11,4194.0
2022-03-12,3614.0
2022-03-13,3116.0
2022-03-14,2503.0
2022-03-15,2568.0
2022-03-16,2876.0
2022-03-17,2539.0
2022-03-18,2528.0
2022-03-19,2075.0
2022-03-20,1761.0
2022-03-21,1549.0
2022-03-22,1581.0
2022-03-23,1778.0
2022-03-24,1938.0
2022-03-25,1685.0
2022-03-26,1660.0
2022-03-27,1421.0
2022-03-28,1270.0
2022-03-29,1259.0
2022-03-30,1233.0
2022-03-31,1225.0
2022-04-01,1335.0
2022-04-02,1260.0
2022-04-03,1096.0
2022-04-04,913.0
2022-04-05,795.0
2022-04-06,1086.0
2022-04-07,1033.0
2022-04-08,1109.0
2022-04-09,1150.0
2022-04-10,1054.0
2022-04-11,861.0
2022-04-12,796.0
2022-04-13,1088.0
2022-04-14,1007.0
2022-04-15,949.0
2022-04-16,975.0
2022-04-17,1150.0
2022-04-18,2183.0
2022-04-19,1247.0
2022-04-20,2067.0
2022-04-21,2380.0
2022-04-22,2451.0
2022-04-23,2527.0
2022-04-24,2593.0
2022-04-25,2541.0
2022-04-26,2483.0
2022-04-27,2927.0
2022-04-28,3303.0
2022-04-29,3377.0
2022-04-30,3688.0
2022-05-01,3324.0
2022-05-02,3157.0
2022-05-03,2568.0
2022-05-04,3205.0
2022-05-05,3275.0
2022-05-06,3545.0
2022-05-07,3805.0
2022-05-08,3451.0
2022-05-09,3207.0
2022-05-10,2288.0
2022-05-11,2897.0
2022-05-12,2827.0
2022-05-13,2841.0
2022-05-14,2858.0
2022-05-15,2487.0
2022-05-16,2202.0
2022-05-17,1569.0
2022-05-18,1829.0
2022-05-19,2364.0
2022-05-20,2259.0
2022-05-21,2323.0
2022-05-22,2226.0
2022-05-23,2022.0
2022-05-24,1675.0
2022-05-25,2124.0
2022-05-26,2628.0
2022-05-27,2710.0
2022-05-28,2685.0
2022-05-29,2828.0
2022-05-30,2706.0
2022-05-31,2338.0
2022-06-01,2745.0
2022-06-02,3712.0
2022-06-03,4041.0
2022-06-04,3962.0
2022-06-05,4270.0
2022-06-06,4518.0
2022-06-07,3714.0
2022-06-08,5233.0
2022-06-09,7240.0
2022-06-10,7584.0
2022-06-11,8329.0
2022-06-12,8582.0
2022-06-13,8084.0
2022-06-14,6594.0
2022-06-15,8822.0
2022-06-16,12213.0
2022-06-17,12847.0
2022-06-18,13216.0
2022-06-19,12899.0
2022-06-20,12781.0
2022-06-21,9923.0
2022-06-22,12249.0
2022-06-23,13313.0
2022-06-24,17336.0
2022-06-25,15940.0
2022-06-26,11739.0
2022-06-27,17073.0
2022-06-28,11793.0
2022-06-29,14506.0
2022-06-30,18819.0
2022-07-01,17070.0
2022-07-02,17092.0
2022-07-03,16103.0
2022-07-04,16135.0
2022-07-05,13086.0
2022-07-06,16159.0
2022-07-07,18930.0
2022-07-08,18815.0
2022-07-09,18840.0
2022-07-10,18257.0
2022-07-11,16678.0
2022-07-12,13615.0
2022-07-13,16906.0
2022-07-14,20139.0
2022-07-15,20038.0
2022-07-16,20044.0
2022-07-17,20528.0
2022-07-18,16935.0
2022-07-19,15528.0
2022-07-20,20557.0
2022-07-21,21566.0
2022-07-22,21880.0
2022-07-23,21411.0
2022-07-24,20279.0
2022-07-25,16866.0
2022-07-26,14830.0
2022-07-27,18313.0
2022-07-28,20557.0
2022-07-29,20409.0
2022-07-30,20408.0
2022-07-31,19673.0
2022-08-01,16464.0
2022-08-02,13734.0
2022-08-03,17135.0
2022-08-04,19893.0
2022-08-05,20551.0
2022-08-06,19406.0
2022-08-07,18738.0
2022-08-08,16167.0
2022-08-09,12751.0
2022-08-10,16047.0
2022-08-11,16299.0
2022-08-12,16561.0
2022-08-13,15815.0
2022-08-14,14092.0
2022-08-15,14917.0
2022-08-16,8813.0
2022-08-17,9062.0
2022-08-18,12608.0
2022-08-19,15754.0
2022-08-20,13272.0
2022-08-21,11539.0
2022-08-22,9531.0
2022-08-23,8586.0
2022-08-24,10649.0
2022-08-25,10725.0
2022-08-26,10256.0
2022-08-27,9520.0
2022-08-28,9436.0
2022-08-29,7591.0
2022-08-30,5439.0
2022-08-31,7231.0
2022-09-01,7946.0
2022-09-02,6168.0
2022-09-03,7211.0
2022-09-04,6817.0
2022-09-05,5910.0
2022-09-06,4417.0
2022-09-07,5379.0
2022-09-08,6395.0
2022-09-09,6093.0
2022-09-10,5554.0
2022-09-11,5076.0
2022-09-12,5221.0
2022-09-13,4369.0
2022-09-14,5108.0
2022-09-15,6422.0
2022-09-16,6298.0
2022-09-17,5747.0
2022-09-18,5664.0
2022-09-19,4858.0
2022-09-20,4043.0
2022-09-21,4510.0
2022-09-22,5443.0
2022-09-23,5383.0
2022-09-24,4912.0
2022-09-25,4777.0
2022-09-26,4129.0
2022-09-27,3230.0
2022-09-28,3615.0
2022-09-29,4272.0
2022-09-30,3947.0
2022-10-01,3805.0
2022-10-02,3375.0
2022-10-03,3011.0
2022-10-04,1968.0
2022-10-05,2468.0
2022-10-06,2529.0
2022-10-07,1997.0
2022-10-08,2797.0
2022-10-09,2756.0
2022-10-10,2424.0
2022-10-11,1957.0
2022-10-12,2139.0
2022-10-13,2786.0
2022-10-14,2678.0
2022-10-15,2430.0
2022-10-16,2401.0
2022-10-17,2060.0
2022-10-18,1542.0
2022-10-19,1946.0
2022-10-20,2141.0
2022-10-21,2119.0
2022-10-22,2112.0
2022-10-23,1994.0
2022-10-24,1334.0
2022-10-25,862.0
2022-10-26,830.0
2022-10-27,1112.0
2022-10-28,2208.0
2022-10-29,1574.0
2022-10-30,1604.0
2022-10-31,1326.0
2022-11-01,1046.0
2022-11-02,1190.0
2022-11-03,1321.0
2022-11-04,1216.0
2022-11-05,1082.0
2022-11-06,1132.0
2022-11-07,937.0
2022-11-08,625.0
2022-11-09,811.0
2022-11-10,1016.0
2022-11-11,842.0
2022-11-12,833.0
2022-11-13,734.0
2022-11-14,547.0
2022-11-15,0.0
2022-11-16,501.0
2022-11-17,635.0
2022-11-18,656.0
2022-11-19,556.0
2022-11-20,492.0
2022-11-21,406.0
2022-11-22,294.0
2022-11-23,360.0
2022-11-24,408.0
2022-11-25,347.0
2022-11-26,389.0
2022-11-27,343.0
2022-11-28,291.0
2022-11-29,215.0
2022-11-30,279.0
2022-12-01,291.0
2022-12-02,275.0
2022-12-03,253.0
2022-12-04,226.0
2022-12-05,226.0
2022-12-06,165.0
2022-12-07,166.0
2022-12-08,241.0
2022-12-09,249.0
2022-12-10,210.0
2022-12-11,173.0
2022-12-12,159.0
2022-12-13,114.0
2022-12-14,152.0
2022-12-15,200.0
2022-12-16,162.0
2022-12-17,167.0
2022-12-18,176.0
2022-12-19,135.0
2022-12-20,112.0
2022-12-21,131.0
2022-12-22,185.0
2022-12-23,163.0
2022-12-24,201.0
2022-12-25,227.0
2022-12-26,196.0
2022-12-27,157.0
2022-12-28,188.0
2022-12-29,268.0
2022-12-30,243.0
2022-12-31,226.0
2023-01-01,265.0
2023-01-02,173.0
2023-01-03,134.0
2023-01-04,175.0
2023-01-05,188.0
2023-01-06,228.0
2023-01-07,214.0
2023-01-08,163.0
2023-01-09,170.0
2023-01-10,121.0
2023-01-11,171.0
2023-01-12,197.0
2023-01-13,174.0
2023-01-14,179.0
2023-01-15,104.0
2023-01-16,114.0
2023-01-17,79.0
2023-01-18,138.0
2023-01-19,134.0
2023-01-20,145.0
2023-01-21,131.0
2023-01-22,140.0
2023-01-23,94.0
2023-01-24,89.0
2023-01-25,102.0
2023-01-26,132.0
2023-01-27,99.0
2023-01-28,93.0
2023-01-29,109.0
2023-01-30,80.0
2023-01-31,65.0
2023-02-01,111.0
2023-02-02,128.0
2023-02-03,99.0
2023-02-04,128.0
2023-02-05,113.0
2023-02-06,91.0
2023-02-07,89.0
2023-02-08,96.0
2023-02-09,109.0
2023-02-10,114.0
2023-02-11,132.0
2023-02-12,124.0
2023-02-13,79.0
2023-02-14,77.0
2023-02-15,102.0
2023-02-16,126.0
2023-02-17,156.0
2023-02-18,117.0
2023-02-19,142.0
2023-02-20,120.0
2023-02-21,95.0
2023-02-22,125.0
2023-02-23,193.0
2023-02-24,169.0
2023-02-25,180.0
2023-02-26,218.0
2023-02-27,185.0
2023-02-28,169.0
2023-03-01,240.0
2023-03-02,268.0
2023-03-03,283.0
2023-03-04,334.0
2023-03-05,324.0
2023-03-06,281.0
2023-03-07,266.0
2023-03-08,326.0
2023-03-09,379.0
2023-03-10,440.0
2023-03-11,456.0
2023-03-12,524.0
2023-03-13,444.0
2023-03-14,402.0
2023-03-15,618.0
2023-03-16,754.0
2023-03-17,796.0
2023-03-18,843.0
2023-03-19,1071.0
2023-03-20,918.0
2023-03-21,646.0
2023-03-22,1134.0
2023-03-23,1300.0
2023-03-24,1249.0
2023-03-25,1590.0
2023-03-26,1890.0
2023-03-27,1805.0
2023-03-28,1573.0
2023-03-29,2151.0
2023-03-30,3016.0
2023-03-31,3094.0
2023-04-01,2995.0
2023-04-02,3824.0
2023-04-03,3641.0
2023-04-04,3038.0
2023-04-05,4435.0
2023-04-06,5335.0
2023-04-07,6050.0
2023-04-08,6155.0
2023-04-09,5357.0
2023-04-10,5880.0
2023-04-11,5676.0
2023-04-12,7830.0
2023-04-13,10158.0
2023-04-14,11109.0
2023-04-15,10753.0
2023-04-16,10093.0
2023-04-17,9111.0
2023-04-18,7633.0
2023-04-19,10542.0
2023-04-20,12591.0
2023-04-21,11692.0
2023-04-22,12193.0
2023-04-23,10112.0
2023-04-24,6904.0
2023-04-25,6934.0
2023-04-26,9629.0
2023-04-27,9355.0
2023-04-28,7533.0
2023-04-29,7171.0
2023-04-30,5874.0
2023-05-01,4282.0
2023-05-02,3325.0
2023-05-03,3720.0
2023-05-04,3962.0
2023-05-05,3611.0
2023-05-06,2961.0
2023-05-07,2380.0
2023-05-08,1839.0
2023-05-09,1331.0
2023-05-10,2109.0
2023-05-11,1690.0
2023-05-12,1580.0
2023-05-13,1223.0
2023-05-14,1272.0
2023-05-15,801.0
2023-05-16,656.0
2023-05-17,1021.0
2023-05-18,906.0
2023-05-19,865.0
2023-05-20,782.0
2023-05-21,756.0
2023-05-22,473.0
2023-05-23,405.0
2023-05-24,552.0
2023-05-25,535.0
2023-05-26,490.0
2023-05-27,425.0
2023-05-28,403.0
2023-05-29,310.0
2023-05-30,224.0
2023-05-31,310.0
2023-06-01,288.0
2023-06-02,267.0
2023-06-03,237.0
2023-06-04,202.0
2023-06-05,174.0
2023-06-06,124.0
2023-06-07,214.0
2023-06-08,199.0
2023-06-09,169.0
2023-06-10,186.0
2023-06-11,140.0
2023-06-12,92.0
2023-06-13,80.0
2023-06-14,120.0
2023-06-15,106.0
2023-06-16,96.0
2023-06-17,108.0
2023-06-18,90.0
2023-06-19,63.0
2023-06-20,36.0
2023-06-21,92.0
2023-06-22,95.0
2023-06-23,51.0
2023-06-24,55.0
2023-06-25,80.0
2023-06-26,47.0
2023-06-27,33.0
2023-06-28,65.0
2023-06-29,47.0
2023-06-30,44.0
2023-07-01,40.0
2023-07-02,53.0
2023-07-03,44.0
2023-07-04,26.0
2023-07-05,56.0
2023-07-06,42.0
2023-07-07,45.0
2023-07-08,49.0
2023-07-09,32.0
2023-07-10,24.0
2023-07-11,20.0
2023-07-12,46.0
2023-07-13,48.0
2023-07-14,52.0
2023-07-15,54.0
2023-07-16,59.0
2023-07-17,43.0
2023-07-18,34.0
2023-07-19,49.0
2023-07-20,51.0
2023-07-21,109.0
2023-07-22,60.0
2023-07-23,40.0
2023-07-24,47.0
2023-07-25,21.0
2023-07-26,60.0
2023-07-27,42.0
2023-07-28,52.0
2023-07-29,50.0
2023-07-30,52.0
2023-07-31,41.0
2023-08-01,36.0
2023-08-02,60.0
2023-08-03,77.0
2023-08-04,54.0
2023-08-05,77.0
2023-08-06,47.0
2023-08-07,54.0
2023-08-08,25.0
2023-08-09,53.0
2023-08-10,39.0
2023-08-11,47.0
2023-08-12,38.0
2023-08-13,38.0
2023-08-14,39.0
2023-08-15,22.0
2023-08-16,58.0
2023-08-17,33.0
2023-08-18,50.0
2023-08-19,72.0
2023-08-20,51.0
2023-08-21,54.0
2023-08-22,23.0
2023-08-23,56.0
2023-08-24,54.0
2023-08-25,73.0
2023-08-26,60.0
2023-08-27,44.0
2023-08-28,70.0
2023-08-29,23.0
2023-08-30,61.0
2023-08-31,50.0
2023-09-01,49.0
2023-09-02,50.0
2023-09-03,60.0
2023-09-04,46.0
2023-09-05,28.0
2023-09-06,66.0
2023-09-07,71.0
2023-09-08,46.0
2023-09-09,59.0
2023-09-10,68.0
2023-09-11,70.0
2023-09-12,40.0
2023-09-13,97.0
2023-09-14,58.0
2023-09-15,60.0
2023-09-16,72.0
2023-09-17,55.0
2023-09-18,55.0
2023-09-19,26.0
2023-09-20,51.0
2023-09-21,44.0
2023-09-22,55.0
2023-09-23,70.0
2023-09-24,62.0
2023-09-25,40.0
2023-09-26,38.0
2023-09-27,47.0
2023-09-28,51.0
2023-09-29,40.0
2023-09-30,41.0
2023-10-01,56.0
2023-10-02,36.0
2023-10-03,42.0
2023-10-04,38.0
2023-10-05,250.0
2023-10-06,39.0
2023-10-07,42.0
2023-10-08,43.0
2023-10-09,38.0
2023-10-10,26.0
2023-10-11,46.0
2023-10-12,35.0
2023-10-13,37.0
2023-10-14,51.0
2023-10-15,27.0
2023-10-16,33.0
2023-10-17,21.0
2023-10-18,38.0
2023-10-19,48.0
2023-10-20,37.0
2023-10-21,1275.0
2023-10-22,12.0
2023-10-23,9.0
2023-10-24,14.0
2023-10-25,51.0
2023-10-26,24.0
2023-10-27,26.0
2023-10-28,35.0
2023-10-29,34.0
2023-10-30,23.0
2023-10-31,22.0
2023-11-01,38.0
2023-11-02,15.0
2023-11-03,19.0
2023-11-04,14.0
2023-11-05,8.0
2023-11-06,8.0
2023-11-07,5.0
2023-11-08,11.0
2023-11-09,11.0
2023-11-10,14.0
2023-11-11,6.0
2023-11-12,17.0
2023-11-13,8.0
2023-11-14,18.0
2023-11-15,10.0
2023-11-16,18.0
2023-11-17,26.0
2023-11-18,18.0
2023-11-19,21.0
2023-11-20,18.0
2023-11-21,13.0
2023-11-22,23.0
2023-11-23,26.0
2023-11-24,36.0
2023-11-25,42.0
2023-11-26,31.0
2023-11-27,21.0
2023-11-28,22.0
2023-11-29,79.0
2023-11-30,58.0
2023-12-01,71.0
2023-12-02,88.0
2023-12-03,76.0
2023-12-04,59.0
2023-12-05,83.0
2023-12-06,119.0
2023-12-07,121.0
2023-12-08,180.0
2023-12-09,148.0
2023-12-10,166.0
2023-12-11,122.0
2023-12-12,164.0
2023-12-13,252.0
2023-12-14,237.0
2023-12-15,312.0
2023-12-16,339.0
2023-12-17,335.0
2023-12-18,260.0
2023-12-19,288.0
2023-12-20,614.0
2023-12-21,594.0
2023-12-22,640.0
2023-12-23,752.0
2023-12-24,656.0
2023-12-25,628.0
2023-12-26,412.0
2023-12-27,529.0
2023-12-28,702.0
2023-12-29,797.0
2023-12-30,743.0
2023-12-31,741.0
2024-01-01,736.0
2024-01-02,573.0
2024-01-03,602.0
2024-01-04,760.0
2024-01-05,761.0
2024-01-06,774.0
2024-01-07,756.0
2024-01-08,605.0
2024-01-09,475.0
2024-01-10,605.0
2024-01-11,514.0
2024-01-12,609.0
2024-01-13,441.0
2024-01-14,375.0
2024-01-15,272.0
2024-01-16,189.0
2024-01-17,269.0
2024-01-18,305.0
2024-01-19,355.0
2024-01-20,313.0
2024-01-21,290.0
2024-01-22,203.0
2024-01-23,236.0
2024-01-24,160.0
2024-01-25,198.0
2024-01-26,187.0
2024-01-27,159.0
2024-01-28,182.0
2024-01-29,112.0
2024-01-30,124.0
2024-01-31,133.0
2024-02-01,160.0
2024-02-02,187.0
2024-02-03,159.0
2024-02-04,188.0
2024-02-05,122.0
2024-02-06,124.0
2024-02-07,157.0
2024-02-08,70.0
2024-02-09,0.0
2024-02-10,163.0
2024-02-11,376.0
2024-02-12,74.0
2024-02-13,123.0
2024-02-14,120.0
2024-02-15,120.0
2024-02-16,166.0
2024-02-17,144.0
2024-02-18,155.0
2024-02-19,110.0
2024-02-20,105.0
2024-02-21,161.0
2024-02-22,136.0
2024-02-23,167.0
2024-02-24,155.0
2024-02-25,148.0
2024-02-26,114.0
2024-02-27,125.0
2024-02-28,181.0
2024-02-29,193.0
2024-03-01,204.0
2024-03-02,182.0
2024-03-03,178.0
2024-03-04,120.0
2024-03-05,135.0
2024-03-06,217.0
2024-03-07,202.0
2024-03-08,237.0
2024-03-09,179.0
2024-03-10,112.0
2024-03-11,148.0
2024-03-12,138.0
2024-03-13,197.0
2024-03-14,199.0
2024-03-15,0.0
2024-03-16,422.0
2024-03-17,137.0
2024-03-18,129.0
2024-03-19,86.0
2024-03-20,159.0
2024-03-21,172.0
2024-03-22,131.0
2024-03-23,180.0
2024-03-24,132.0
2024-03-25,121.0
2024-03-26,57.0
2024-03-27,71.0
2024-03-28,129.0
2024-03-29,114.0
2024-03-30,121.0
2024-03-31,103.0
2024-04-01,62.0
2024-04-02,83.0
2024-04-03,104.0
2024-04-04,114.0
2024-04-05,108.0
2024-04-06,123.0
2024-04-07,101.0
2024-04-08,70.0
2024-04-09,58.0
2024-04-10,71.0
2024-04-11,71.0
2024-04-12,68.0
2024-04-13,102.0
2024-04-14,78.0
2024-04-15,66.0
2024-04-16,62.0
2024-04-17,90.0
2024-04-18,72.0
2024-04-19,104.0
2024-04-20,113.0
2024-04-21,117.0
2024-04-22,75.0
2024-04-23,74.0
2024-04-24,129.0
2024-04-25,112.0
2024-04-26,120.0
2024-04-27,122.0
2024-04-28,124.0
2024-04-29,78.0
2024-04-30,134.0
2024-05-01,133.0
2024-05-02,112.0
2024-05-03,137.0
2024-05-04,93.0
2024-05-05,136.0
2024-05-06,90.0
2024-05-07,82.0
2024-05-08,118.0
2024-05-09,133.0
2024-05-10,123.0
2024-05-11,98.0
2024-05-12,98.0
2024-05-13,59.0
2024-05-14,81.0
2024-05-15,103.0
2024-05-16,88.0
2024-05-17,109.0
2024-05-18,94.0
2024-05-19,88.0
2024-05-20,49.0
2024-05-21,68.0
2024-05-22,55.0
2024-05-23,53.0
2024-05-24,66.0
2024-05-25,46.0
2024-05-26,33.0
2024-05-27,37.0
2024-05-28,48.0
2024-05-29,87.0
2024-05-30,62.0
2024-05-31,39.0
2024-06-01,57.0
2024-06-02,32.0
2024-06-03,15.0
2024-06-04,29.0
2024-06-05,26.0
2024-06-06,36.0
2024-06-07,32.0
2024-06-08,26.0
2024-06-09,0.0
2024-06-10,38.0
2024-06-11,0.0
2024-06-12,0.0
2024-06-13,0.0
2024-06-14,0.0
2024-06-15,0.0
2024-06-16,0.0
2024-06-17,210.0
2024-06-18,0.0
2024-06-19,0.0
2024-06-20,0.0
2024-06-21,0.0
2024-06-22,0.0
2024-06-23,0.0
2024-06-24,334.0
2024-06-25,0.0
2024-06-26,0.0
2024-06-27,0.0
2024-06-28,0.0
2024-06-29,0.0
2024-06-30,0.0
2024-07-01,134.0
2024-07-02,0.0
2024-07-03,0.0
2024-07-04,0.0
2024-07-05,0.0
2024-07-06,0.0
2024-07-07,0.0
2024-07-08,0.0
2024-07-09,0.0
2024-07-10,0.0
2024-07-11,0.0
2024-07-12,0.0
2024-07-13,0.0
2024-07-14,0.0
2024-07-15,0.0
2024-07-16,0.0
2024-07-17,0.0
2024-07-18,440.0
2024-07-19,0.0
2024-07-20,0.0
2024-07-21,0.0
2024-07-22,243.0
2024-07-23,0.0
2024-07-24,0.0
2024-07-25,0.0
2024-07-26,0.0
2024-07-27,0.0
2024-07-28,0.0
2024-07-29,313.0
2024-07-30,0.0
2024-07-31,0.0
2024-08-01,0.0
2024-08-02,0.0
2024-08-03,0.0
2024-08-04,0.0
2024-08-05,306.0
2024-08-06,0.0
2024-08-07,0.0
2024-08-08,0.0
2024-08-09,0.0
2024-08-10,0.0
2024-08-11,0.0
2024-08-12,266.0
2024-08-13,0.0
2024-08-14,0.0
2024-08-15,0.0
2024-08-16,0.0
2024-08-17,0.0
2024-08-18,0.0
2024-08-19,200.0
2024-08-20,0.0
2024-08-21,0.0
2024-08-22,0.0
2024-08-23,0.0
2024-08-24,0.0
2024-08-25,0.0
2024-08-26,282.0
2024-08-27,0.0
2024-08-28,0.0
2024-08-29,0.0
2024-08-30,0.0
2024-08-31,0.0
2024-09-01,0.0
2024-09-02,235.0
2024-09-03,0.0
2024-09-04,0.0
2024-09-05,0.0
2024-09-06,0.0
2024-09-07,0.0
2024-09-08,0.0
2024-09-09,190.0
2024-09-10,0.0
2024-09-11,0.0
2024-09-12,0.0
2024-09-13,0.0
2024-09-14,0.0
2024-09-15,0.0
2024-09-16,188.0
2024-09-17,0.0
2024-09-18,0.0
2024-09-19,0.0
2024-09-20,0.0
2024-09-21,0.0
2024-09-22,0.0
2024-09-23,190.0
2024-09-24,0.0
2024-09-25,0.0
2024-09-26,0.0
2024-09-27,0.0
2024-09-28,0.0
2024-09-29,0.0
2024-09-30,187.0
2024-10-01,0.0
2024-10-02,0.0
2024-10-03,0.0
2024-10-04,0.0
2024-10-05,0.0
2024-10-06,0.0
2024-10-07,156.0
2024-10-08,0.0
2024-10-09,0.0
2024-10-10,0.0
2024-10-11,0.0
2024-10-12,0.0
2024-10-13,0.0
2024-10-14,133.0
2024-10-15,0.0
2024-10-16,0.0
2024-10-17,0.0
2024-10-18,0.0
2024-10-19,0.0
2024-10-20,0.0
2024-10-21,115.0
2024-10-22,0.0
2024-10-23,0.0
2024-10-24,0.0
2024-10-25,0.0
2024-10-26,0.0
2024-10-27,0.0
2024-10-28,85.0
2024-10-29,0.0
2024-10-30,0.0
2024-10-31,0.0
2024-11-01,0.0
2024-11-02,0.0
2024-11-03,0.0
2024-11-04,65.0
2024-11-05,0.0
2024-11-06,0.0
2024-11-07,0.0
2024-11-08,0.0
2024-11-09,0.0
2024-11-10,0.0
2024-11-11,62.0
2024-11-12,0.0
2024-11-13,0.0
2024-11-14,0.0
2024-11-15,0.0
2024-11-16,0.0
2024-11-17,0.0
2024-11-18,48.0
2024-11-19,0.0
2024-11-20,0.0
2024-11-21,0.0
2024-11-22,0.0
2024-11-23,0.0
2024-11-24,0.0
2024-11-25,29.0
2024-11-26,0.0
2024-11-27,0.0
2024-11-28,0.0
2024-11-29,0.0
2024-11-30,0.0
2024-12-01,0.0
2024-12-02,36.0
2024-12-03,0.0
2024-12-04,0.0
2024-12-05,0.0
2024-12-06,0.0
2024-12-07,0.0
2024-12-08,0.0
2024-12-09,11.0
2024-12-10,0.0
2024-12-11,0.0
2024-12-12,0.0
2024-12-13,0.0
2024-12-14,0.0
2024-12-15,0.0
2024-12-16,17.0
2024-12-17,0.0
2024-12-18,0.0
2024-12-19,0.0
2024-12-20,0.0
2024-12-21,0.0
2024-12-22,0.0
2024-12-23,0.0
2024-12-24,0.0
2024-12-25,0.0
2024-12-26,0.0
2024-12-27,0.0
2024-12-28,0.0
2024-12-29,0.0
2024-12-30,24.0
2024-12-31,0.0
2025-01-01,0.0
2025-01-02,0.0
2025-01-03,0.0
2025-01-04,0.0
2025-01-05,0.0
2025-01-06,0.0
2025-01-07,6.0
2025-01-08,0.0
2025-01-09,0.0
2025-01-10,0.0
2025-01-11,0.0
2025-01-12,0.0
2025-01-13,0.0
2025-01-14,7.0
2025-01-15,0.0
2025-01-16,0.0
2025-01-17,0.0
2025-01-18,0.0
2025-01-19,0.0
2025-01-20,0.0
2025-01-21,13.0
2025-01-22,0.0
2025-01-23,0.0
2025-01-24,0.0
2025-01-25,0.0
2025-01-26,0.0
2025-01-27,0.0
2025-01-28,3.0
2025-01-29,0.0
2025-01-30,0.0
2025-01-31,0.0
2025-02-01,0.0
2025-02-02,0.0
2025-02-03,0.0
2025-02-04,5.0
2025-02-05,0.0
2025-02-06,0.0
2025-02-07,0.0
2025-02-08,0.0
2025-02-09,0.0
2025-02-10,0.0
2025-02-11,0.0
2025-02-12,0.0
2025-02-13,0.0
2025-02-14,0.0
2025-02-15,0.0
2025-02-16,0.0
2025-02-17,0.0
2025-02-18,7.0
2025-02-19,0.0
2025-02-20,0.0
2025-02-21,0.0
2025-02-22,0.0
2025-02-23,0.0
2025-02-24,0.0
2025-02-25,0.0
2025-02-26,0.0
2025-02-27,0.0
2025-02-28,0.0
2025-03-01,0.0
2025-03-02,0.0
2025-03-03,0.0
2025-03-04,7.0
2025-03-05,0.0
2025-03-06,0.0
2025-03-07,0.0
2025-03-08,0.0
2025-03-09,0.0
2025-03-10,0.0
2025-03-11,7.0
2025-03-12,0.0
2025-03-13,0.0
2025-03-14,0.0
2025-03-15,0.0
2025-03-16,0.0
2025-03-17,0.0
2025-03-18,6.0
2025-03-19,0.0
2025-03-20,0.0
2025-03-21,0.0
2025-03-22,0.0
2025-03-23,0.0
2025-03-24,0.0
2025-03-25,2.0
2025-03-26,0.0
2025-03-27,0.0
2025-03-28,0.0
2025-03-29,0.0
2025-03-30,0.0
2025-03-31,0.0
2025-04-01,7.0
2025-04-02,0.0
2025-04-03,0.0
2025-04-04,0.0
2025-04-05,0.0
2025-04-06,0.0
2025-04-07,0.0
2025-04-08,8.0
2025-04-09,0.0
2025-04-10,0.0
2025-04-11,0.0
2025-04-12,0.0
2025-04-13,0.0
2025-04-14,0.0
2025-04-15,11.0
2025-04-16,0.0
2025-04-17,0.0
2025-04-18,0.0
2025-04-19,0.0
2025-04-20,0.0
2025-04-21,0.0
2025-04-22,6.0
2025-04-23,0.0
2025-04-24,0.0
2025-04-25,0.0
2025-04-26,0.0
2025-04-27,0.0
2025-04-28,0.0
2025-04-29,83.0
2025-04-30,0.0
2025-05-01,0.0
2025-05-02,0.0
2025-05-03,0.0
2025-05-04,0.0
2025-05-05,0.0
2025-05-06,35.0
2025-05-07,0.0
2025-05-08,0.0
2025-05-09,0.0
2025-05-10,0.0
2025-05-11,0.0
2025-05-12,0.0
2025-05-13,100.0
2025-05-14,0.0
2025-05-15,0.0
2025-05-16,0.0
2025-05-17,0.0
2025-05-18,0.0
2025-05-19,0.0
2025-05-20,277.0
2025-05-21,0.0
2025-05-22,0.0
2025-05-23,0.0
2025-05-24,0.0
2025-05-25,0.0
2025-05-26,0.0
2025-05-27,5025.0
2025-05-28,0.0
2025-05-29,0.0
2025-05-30,0.0
2025-05-31,0.0
2025-06-01,0.0
2025-06-02,0.0
2025-06-03,2892.0
2025-06-04,0.0
2025-06-05,0.0
2025-06-06,0.0
2025-06-07,0.0
2025-06-08,0.0
2025-06-09,0.0
2025-06-10,1605.0
2025-06-11,0.0
2025-06-12,0.0
2025-06-13,0.0
2025-06-14,0.0
2025-06-15,0.0
2025-06-16,0.0
2025-06-17,618.0
2025-06-18,0.0
2025-06-19,0.0
2025-06-20,0.0
2025-06-21,0.0
2025-06-22,0.0
2025-06-23,0.0
2025-06-24,78.0
2025-06-25,0.0
2025-06-26,0.0
2025-06-27,0.0
2025-06-28,0.0
2025-06-29,0.0
2025-06-30,0.0
2025-07-01,111.0
2025-07-02,0.0
2025-07-03,0.0
2025-07-04,0.0
2025-07-05,0.0
2025-07-06,0.0
2025-07-07,0.0
2025-07-08,105.0
2025-07-09,0.0
2025-07-10,0.0
2025-07-11,0.0
2025-07-12,0.0
2025-07-13,0.0
2025-07-14,0.0
2025-07-15,116.0
2025-07-16,0.0
2025-07-17,0.0
2025-07-18,0.0
2025-07-19,0.0
2025-07-20,0.0
2025-07-21,0.0
2025-07-22,110.0
2025-07-23,0.0
2025-07-24,0.0
2025-07-25,0.0
2025-07-26,0.0
2025-07-27,0.0
2025-07-28,0.0
2025-07-29,89.0
2025-07-30,0.0
2025-07-31,0.0
2025-08-01,0.0
2025-08-02,0.0
2025-08-03,0.0
2025-08-04,0.0
2025-08-05,42.0
2025-08-06,0.0
2025-08-07,0.0
2025-08-08,0.0
2025-08-09,0.0
2025-08-10,0.0
2025-08-11,0.0
2025-08-12,37.0
2025-08-13,0.0
2025-08-14,0.0
2025-08-15,0.0
2025-08-16,0.0
2025-08-17,0.0
2025-08-18,0.0
2025-08-19,48.0
2025-08-20,0.0
2025-08-21,0.0
2025-08-22,0.0
2025-08-23,0.0
2025-08-24,0.0
2025-08-25,0.0
2025-08-26,34.0
2025-08-27,0.0
2025-08-28,0.0
2025-08-29,0.0
2025-08-30,0.0
2025-08-31,0.0
2025-09-01,0.0
2025-09-02,16.0
2025-09-03,0.0
2025-09-04,0.0
2025-09-05,0.0
2025-09-06,0.0
2025-09-07,0.0
2025-09-08,0.0
2025-09-09,18.0
2025-09-10,0.0
2025-09-11,0.0
2025-09-12,0.0
2025-09-13,0.0
2025-09-14,0.0
2025-09-15,0.0
2025-09-16,10.0
2025-09-17,0.0
2025-09-18,0.0
2025-09-19,0.0
2025-09-20,0.0
2025-09-21,0.0
2025-09-22,0.0
2025-09-23,0.0
2025-09-24,0.0
2025-09-25,0.0
2025-09-26,0.0
2025-09-27,0.0
2025-09-28,0.0
2025-09-29,0.0
2025-09-30,9.0
2025-10-01,0.0
2025-10-02,0.0
2025-10-03,0.0
2025-10-04,0.0
2025-10-05,0.0
2025-10-06,0.0
2025-10-07,5.0
2025-10-08,0.0
2025-10-09,0.0
2025-10-10,0.0
2025-10-11,0.0
2025-10-12,0.0
2025-10-13,0.0
2025-10-14,5.0
2025-10-15,0.0
2025-10-16,0.0
2025-10-17,0.0
2025-10-18,0.0
2025-10-19,0.0
2025-10-20,0.0
2025-10-21,53.0
2025-10-22,0.0
2025-10-23,0.0
2025-10-24,0.0
2025-10-25,0.0
2025-10-26,0.0
2025-10-27,0.0
2025-10-28,3.0
2025-10-29,0.0
2025-10-30,0.0
2025-10-31,0.0
2025-11-01,0.0
2025-11-02,0.0
2025-11-03,0.0
2025-11-04,0.0
2025-11-05,0.0
2025-11-06,0.0
2025-11-07,0.0
2025-11-08,0.0
2025-11-09,0.0
2025-11-10,0.0
2025-11-11,0.0
2025-11-12,0.0
2025-11-13,0.0
2025-11-14,0.0
2025-11-15,0.0
2025-11-16,0.0
2025-11-17,0.0
2025-11-18,3.0
2025-11-19,0.0
2025-11-20,0.0
2025-11-21,0.0
2025-11-22,0.0
2025-11-23,0.0
2025-11-24,0.0
2025-11-25,2.0
2025-11-26,0.0
2025-11-27,0.0
2025-11-28,0.0
2025-11-29,0.0
2025-11-30,0.0
2025-12-01,0.0
2025-12-02,4.0
2025-12-03,0.0
2025-12-04,0.0
2025-12-05,0.0
2025-12-06,0.0
2025-12-07,0.0
2025-12-08,0.0
2025-12-09,2.0
2025-12-10,0.0
2025-12-11,0.0
2025-12-12,0.0
2025-12-13,0.0
2025-12-14,0.0
2025-12-15,0.0
2025-12-16,3.0
2025-12-17,0.0
2025-12-18,0.0
2025-12-19,0.0
2025-12-20,0.0
2025-12-21,0.0
2025-12-22,0.0
2025-12-23,0.0
2025-12-24,0.0
2025-12-25,0.0
2025-12-26,0.0
2025-12-27,0.0
2025-12-28,0.0
2025-12-29,0.0
2025-12-30,0.0
2025-12-31,0.0
2026-01-01,0.0
2026-01-02,0.0
2026-01-03,0.0
2026-01-04,0.0
2026-01-05,0.0
2026-01-06,0.0
2026-01-07,0.0
2026-01-08,0.0
2026-01-09,0.0
2026-01-10,0.0
2026-01-11,0.0
2026-01-12,0.0
2026-01-13,6.0
2026-01-14,0.0
2026-01-15,0.0
2026-01-16,0.0
2026-01-17,0.0
2026-01-18,0.0
2026-01-19,0.0
2026-01-20,3.0
2026-01-21,0.0
2026-01-22,0.0
2026-01-23,0.0
2026-01-24,0.0
2026-01-25,0.0
2026-01-26,0.0
2026-01-27,6.0
2026-01-28,0.0
2026-01-29,0.0
2026-01-30,0.0
2026-01-31,0.0
2026-02-01,0.0
2026-02-02,0.0
2026-02-03,0.0
2026-02-04,0.0
2026-02-05,0.0
2026-02-06,0.0
2026-02-07,0.0
2026-02-08,0.0
2026-02-09,0.0
2026-02-10,0.0
2026-02-11,0.0
2026-02-12,0.0
2026-02-13,0.0
2026-02-14,0.0
2026-02-15,0.0
2026-02-16,0.0
2026-02-17,0.0
2026-02-18,0.0
2026-02-19,0.0
2026-02-20,0.0
2026-02-21,0.0
2026-02-22,0.0
2026-02-23,0.0
2026-02-24,0.0
2026-02-25,0.0
2026-02-26,0.0
2026-02-27,0.0
2026-02-28,0.0
2026-03-01,0.0
2026-03-02,0.0
2026-03-03,0.0
2026-03-04,0.0
2026-03-05,0.0
2026-03-06,0.0
2026-03-07,0.0
2026-03-08,0.0
2026-03-09,0.0
2026-03-10,0.0
2026-03-11,0.0
2026-03-12,0.0
2026-03-13,0.0
2026-03-14,0.0
2026-03-15,0.0
2026-03-16,0.0
2026-03-17,0.0
2026-03-18,0.0
2026-03-19,0.0
2026-03-20,0.0
2026-03-21,0.0
2026-03-22,0.0
2026-03-23,0.0
2026-03-24,0.0
2026-03-25,0.0
2026-03-26,0.0
2026-03-27,0.0
2026-03-28,0.0
2026-03-29,0.0
2026-03-30,0.0
2026-03-31,0.0
2026-04-01,0.0
2026-04-02,0.0
2026-04-03,0.0
2026-04-04,0.0
2026-04-05,0.0
2026-04-06,0.0
2026-04-07,0.0
2026-04-08,0.0
2026-04-09,0.0
2026-04-10,0.0
2026-04-11,0.0
2026-04-12,0.0
2026-04-13,0.0
2026-04-14,0.0
2026-04-15,0.0
2026-04-16,0.0
2026-04-17,0.0
2026-04-18,0.0
2026-04-19,0.0
2026-04-20,0.0
2026-04-21,0.0
2026-04-22,0.0
2026-04-23,0.0
2026-04-24,0.0
2026-04-25,0.0
2026-04-26,0.0
2026-04-27,0.0
2026-04-28,0.0
2026-04-29,0.0
2026-04-30,0.0
2026-05-01,0.0
2026-05-02,0.0
2026-05-03,0.0
